longitude,latitude,name,place,score,sense,thoughts,sounds
77.6196815,13.0660294,Srirampura,neighbourhood,64,layered,chaotic,
77.6379402,13.0713622,Shabarinagara,neighbourhood,76,layered,calm,
77.6495031,13.0553214,Chikkabyrathi,neighbourhood,67,layered,calm,
77.6520993,13.0563529,Byrathi,neighbourhood,66,layered,chaotic,
77.5922609,12.9664555,Sampangirama Nagar,neighbourhood,74,layered,calm,
77.5819643,12.9528478,Mavalli,neighbourhood,86,blast,vibrant,
77.6231374,12.9529247,Viveknagar,neighbourhood,67,mixed,vibrant,
77.5852286,12.9684991,Cubbonpet,neighbourhood,38,bleh,frantic,
77.576627,12.967815,Old Tharagupete,neighbourhood,35,bleh,frantic,
77.5738753,12.9699379,Sultanpete,neighbourhood,30,bleh,frantic,
77.5724588,12.9675442,Ranasingpete,neighbourhood,35,bleh,chaotic,
77.5759323,12.9731178,Balepet,neighbourhood,31,bleh,chaotic,
77.5539052,13.0470701,BEL Colony,neighbourhood,47,layered,chaotic,
77.6738079,13.0350897,Kalkere,neighbourhood,75,layered,calm,
77.6659373,13.0276391,Jayantinagara,neighbourhood,61,layered,calm,
77.7031243,12.9582555,Ashwath Nagar,neighbourhood,49,layered,chaotic,
77.7005306,12.9610371,Ananda Nagara,neighbourhood,51,mixed,alive,
77.6435238,13.0347892,Poojappa Layout,neighbourhood,68,layered,calm,
77.650469,13.0283523,Babusabpalya,neighbourhood,57,layered,calm,
77.6463658,13.0299462,GNR Gardens,neighbourhood,87,blast,calm,
77.5622224,12.9851843,Ramachandra Pura,neighbourhood,67,layered,calm,
77.5969579,13.0011064,Jayamahal Extension,neighbourhood,91,blast,calm,
77.668169,12.8528618,Konappana Agrahara,neighbourhood,70,mixed,alive,
77.6174963,12.9466371,Rajendranagar,neighbourhood,85,blast,vibrant,
77.6153858,12.9566722,Austin Town BDA Layout,neighbourhood,78,blast,vibrant,
77.6033847,12.9263385,Bismillah Nagar,neighbourhood,43,bleh,chaotic,
77.5988922,12.9253908,NAL Layout,neighbourhood,77,layered,calm,
77.5908939,12.9311905,Canara Bank Colony,neighbourhood,80,blast,calm,
77.5947124,12.9275876,Tilak Nagar,neighbourhood,72,layered,chaotic,
77.611496,12.9115924,IAS Officers Colony,neighbourhood,83,blast,calm,
77.6242433,12.9243692,Koramangala 2nd Block,neighbourhood,78,blast,vibrant,
77.5601262,13.0566583,BEL Colony,neighbourhood,47,layered,chaotic,
77.6391534,12.979342,Indiranagar 1st Stage,neighbourhood,79,blast,vibrant,
77.63869,12.9770856,Indiranagar 2nd Stage,neighbourhood,77,blast,vibrant,
77.6388731,12.9731648,Motappanapalya,neighbourhood,80,blast,vibrant,
77.6377909,12.959142,Domlur 1st Stage,neighbourhood,76,blast,vibrant,
77.6536931,12.9736956,New Thippasandra,neighbourhood,65,layered,calm,
77.6567503,12.9617767,NR Colony,neighbourhood,80,blast,calm,
77.6623373,12.9586061,Konena Agrahara,neighbourhood,56,layered,chaotic,
77.5750273,13.0287429,RMV 2nd Stage 2nd Block,neighbourhood,75,layered,calm,
77.5588323,13.0405384,Sundar Nagar,neighbourhood,46,layered,chaotic,
77.6098227,13.0747163,Arkavathy Layout 7th Block,neighbourhood,52,layered,chaotic,
77.6083207,13.0840392,Arkavathy Layout 1st Block,neighbourhood,53,layered,chaotic,
77.6203434,13.0757551,Arkavathy Layout 3rd Block,neighbourhood,52,layered,chaotic,
77.6152451,13.0725802,MCECHS Layout,neighbourhood,62,layered,calm,
77.6154768,13.0691775,Telecom Layout,neighbourhood,76,layered,calm,
77.6692734,13.0606148,Hanumanthanagar,neighbourhood,88,blast,calm,
77.6468085,13.0386734,Agara,neighbourhood,61,layered,calm,
77.6424998,13.0286557,Chelekere,neighbourhood,84,blast,calm,
77.7004245,13.0115433,Shree Vinayaka Layout,neighbourhood,56,layered,calm,
77.5797506,13.0043153,Lower Palace Orchard,neighbourhood,76,layered,calm,
77.6082063,13.0374105,Kanaka Nagar,neighbourhood,65,layered,calm,
77.5324669,13.0466974,HMT Watch Factory Colony,neighbourhood,43,bleh,chaotic,
77.658947,12.9545209,Vinayaka Nagar B Block,neighbourhood,61,layered,chaotic,
77.6524936,13.0252226,CNR Layout,neighbourhood,56,layered,calm,
77.6511525,13.0270728,Malappa Layout,neighbourhood,60,layered,calm,
77.6527986,13.0225678,Bank Avenue Colony,neighbourhood,74,layered,calm,
77.6432902,13.0376905,Hennur Gardens,neighbourhood,73,layered,calm,
77.6535472,13.0775838,Sri Krishna Nagar,neighbourhood,66,layered,calm,
77.6580404,13.0247314,Post & Telegraph Layout,neighbourhood,71,layered,calm,
77.5511385,13.0310241,Mohan Kumar Nagar,neighbourhood,55,layered,chaotic,
77.5668197,13.0333103,MSR Nagar,neighbourhood,60,layered,calm,
77.5129632,13.0283168,Peenya 2nd Stage,neighbourhood,40,bleh,chaotic,
77.5275223,13.0645499,Raghavendra Colony,neighbourhood,56,layered,calm,
77.5658857,12.9656327,Cottonpete,neighbourhood,39,bleh,chaotic,
77.6521533,13.0308767,Prakruthi Township,neighbourhood,59,layered,calm,
77.6156693,12.9498455,L.R. Nagar 1st Stage,neighbourhood,58,layered,chaotic,
77.6174553,12.9496935,L.R. Nagar 2nd Stage,neighbourhood,36,bleh,chaotic,
77.6184873,12.9490851,Ambedkar Nagar,neighbourhood,68,mixed,vibrant,
77.5494998,12.9629437,Goripalya,neighbourhood,49,layered,chaotic,
77.5427797,12.9690686,Hosahalli,neighbourhood,53,bleh,chaotic,
77.5512728,12.9541051,Kasturibai Nagar,neighbourhood,72,layered,calm,
77.6383676,12.9640664,Domlur 2nd Stage,neighbourhood,71,mixed,vibrant,
77.6176375,12.9599932,Vannarapete,neighbourhood,43,bleh,chaotic,
77.5396256,12.9463411,Ganapathy Nagar,neighbourhood,72,layered,calm,
77.5354516,12.9466873,KHR Colony,neighbourhood,71,layered,calm,
77.6435315,12.976171,Defence Colony,neighbourhood,80,blast,calm,
77.5921346,12.9420915,Someshwaranagar,neighbourhood,80,blast,calm,
77.6504121,13.0234077,Nanjappa Garden,neighbourhood,87,blast,calm,
77.5493787,12.9232498,Bhuvaneshwari Nagar,neighbourhood,63,layered,calm,
77.5444573,12.9250047,Ittamadu,neighbourhood,71,layered,calm,
77.5340498,12.9127651,AGS Layout,neighbourhood,59,layered,calm,
77.5488835,12.9280952,Katriguppe,neighbourhood,65,layered,calm,
77.5921251,13.0276524,HMT Layout,neighbourhood,72,layered,calm,
77.5950711,13.0279472,VV Nagar,neighbourhood,58,layered,calm,
77.6224071,13.0065573,St. Thomas Town,neighbourhood,69,layered,calm,
77.586453,13.0968434,Sector A,neighbourhood,61,layered,calm,
77.581801,13.0982811,Sector B,neighbourhood,65,layered,calm,
77.575315,13.1048382,4th Phase,neighbourhood,65,layered,calm,
77.5714776,13.1051471,5th Phase,neighbourhood,64,layered,calm,
77.5952828,13.0987546,Gandhinagar,neighbourhood,39,bleh,chaotic,
77.6648221,12.9682545,Jagadish Nagar,neighbourhood,80,blast,calm,
77.762046,12.9663991,Immadihalli,neighbourhood,60,mixed,alive,
77.55459,12.9567265,Valmiki Nagar,neighbourhood,80,blast,calm,
77.6176267,12.9015883,Vakil Marina Layout,neighbourhood,80,blast,calm,
77.6337669,12.9743818,Eshwara Layout,neighbourhood,65,mixed,vibrant,
77.6322716,12.9764755,LBS Nagar,neighbourhood,74,mixed,vibrant,
77.5678155,13.0413668,Dollars Colony,neighbourhood,94,blast,calm,
77.6344738,12.9225582,Venkatpura,neighbourhood,62,layered,calm,
77.6324307,12.9347699,ST Bed Layout,neighbourhood,75,blast,vibrant,
77.5093895,12.9592694,NGEF Layout,neighbourhood,39,bleh,chaotic,
77.7148942,12.9728468,Green Domain Layout,neighbourhood,70,mixed,alive,
77.6145886,12.8731964,Akshaynagar Layout,neighbourhood,64,layered,calm,
77.635802,12.9624344,Domlur Village,neighbourhood,88,blast,vibrant,
77.6396382,12.9674584,Doopanahalli,neighbourhood,70,mixed,vibrant,
77.5392611,12.9265788,Dattatreya Nagara,neighbourhood,57,layered,calm,
77.5385709,12.986475,Basaveshwaranagar 2nd Stage,neighbourhood,74,layered,calm,
77.5794033,13.0254406,Ashwath Nagar,neighbourhood,65,layered,calm,
77.7005156,12.993425,Garudacharpalya,neighbourhood,60,mixed,alive,
77.7489244,12.983525,Prashanth Extension,neighbourhood,60,mixed,alive,
77.7213154,12.9547872,Thubarahalli,neighbourhood,69,mixed,alive,
77.7309743,12.9542596,Siddapura,neighbourhood,73,mixed,alive,
77.6543602,12.9536329,Manjunath Nagar,neighbourhood,61,layered,chaotic,
77.7415588,12.9643292,R. Narayanapura,neighbourhood,53,mixed,alive,
77.6159019,12.8669074,Yelenahalli,neighbourhood,68,layered,calm,
77.6277757,12.9701231,Cambridge Layout,neighbourhood,72,mixed,vibrant,
77.6724503,12.9963615,Udaya Nagar,neighbourhood,67,layered,calm,
77.7522339,12.9728917,Sai Layout,neighbourhood,51,mixed,alive,
77.7220587,12.9933277,Tigalarapalya,neighbourhood,59,mixed,alive,
77.7497624,12.9921197,Kadugodi Colony,neighbourhood,63,mixed,alive,
77.7559192,12.9848621,Maithri Layout,neighbourhood,70,mixed,alive,
77.7521212,12.9688091,Vinayaka Layout,neighbourhood,69,mixed,alive,
77.5285915,12.9407019,Pantarapalya,neighbourhood,63,layered,calm,
77.5333268,12.9297622,Pushpagiri Nagar,neighbourhood,60,layered,calm,
77.4830332,13.0085936,Andrahalli,neighbourhood,68,layered,calm,
77.5511533,13.0031286,Rajajinagar 1st Block,neighbourhood,67,layered,calm,
77.5518985,12.9833269,Rajajinagar 5th Block,neighbourhood,82,blast,calm,
77.5526874,12.9881787,Rajajinagar 3rd Block,neighbourhood,70,layered,calm,
77.5771223,13.0351918,Postal Colony,neighbourhood,74,layered,calm,
77.5804761,13.0309281,KEB Layout,neighbourhood,64,layered,calm,
77.5781101,13.0222132,RMV 2nd Stage 1st Block,neighbourhood,73,layered,calm,
77.765051,12.9672769,Kaithota,neighbourhood,53,mixed,alive,
77.7572092,12.9662071,Hagaduru,neighbourhood,58,mixed,alive,
77.7052095,12.9977886,Kaveri Nagara,neighbourhood,70,mixed,alive,
77.6626028,12.9949194,Benniganahalli,neighbourhood,30,bleh,chaotic,
77.7436455,12.977178,Prithvi Layout,neighbourhood,59,mixed,alive,
77.6731578,12.9997859,Darga Mohalla,neighbourhood,70,layered,calm,
77.6907504,12.9917803,Maheshwari Nagar,neighbourhood,60,mixed,alive,
77.6911122,12.9924965,B Chikkanna Layout,neighbourhood,60,mixed,alive,
77.688917,12.991282,Saraswathi Nagar,neighbourhood,62,layered,calm,
77.6900125,12.989512,Shivaganga Layout,neighbourhood,56,mixed,alive,
77.6188862,12.9140788,BTM 2nd Stage,neighbourhood,52,bleh,frantic,
77.6729865,12.963659,Annasandra Palya,neighbourhood,71,layered,calm,
77.6715478,12.9678103,Lal Bahadur Shastri Nagar,neighbourhood,75,layered,calm,
77.5306387,12.9687739,Marenahalli,neighbourhood,63,layered,calm,
77.5290026,12.9716073,Saraswathi Nagara,neighbourhood,64,layered,calm,
77.5313254,12.9776188,Prashanth Nagar,neighbourhood,70,layered,calm,
77.5161012,12.9778698,Malagala,neighbourhood,62,layered,calm,
77.5427194,12.9784134,Dasarahalli,neighbourhood,71,layered,calm,
77.5268568,12.9731025,Kaveri Layout,neighbourhood,72,layered,calm,
77.5284446,12.9681052,GKW Layout,neighbourhood,73,layered,calm,
77.5301934,12.9675066,Vinayaka Layout,neighbourhood,79,layered,calm,
77.5353937,12.9730957,M C Layout,neighbourhood,69,layered,calm,
77.534246,12.9719088,Binny Layout,neighbourhood,79,layered,calm,
77.5467051,12.965528,Telecom Layout,neighbourhood,80,blast,calm,
77.5016708,12.9665733,ITI Layout,neighbourhood,68,layered,calm,
77.5310839,12.9725171,NHCS Layout,neighbourhood,64,layered,calm,
77.53298,12.9738535,Central Excise Layout,neighbourhood,65,layered,calm,
77.5537486,12.9783352,Rajajinagar 6th Block,neighbourhood,83,blast,calm,
77.5764654,13.0268483,Poojary Layout,neighbourhood,68,layered,calm,
77.6178772,12.9852683,Kothandram Layout,neighbourhood,72,mixed,vibrant,
77.528243,12.9764697,Sampige Layout,neighbourhood,81,blast,vibrant,
77.5291201,12.9739241,Amarjyothi Nagar,neighbourhood,59,layered,calm,
77.5255041,12.9769861,Kaveri Pura,neighbourhood,71,layered,calm,
77.6306777,12.9775466,Lakshmipuram,neighbourhood,72,mixed,vibrant,
77.6437106,12.9689409,HAL 2nd Stage,neighbourhood,81,blast,vibrant,
77.6556155,12.8529125,Doddathoguru,neighbourhood,59,mixed,alive,
77.5356688,12.8698169,Thalaghattapura,neighbourhood,79,layered,calm,
77.6416769,12.9839881,Binnamangala,neighbourhood,78,mixed,vibrant,
77.580509,12.8884396,RBI Layout,neighbourhood,80,blast,calm,
77.5828765,12.8823286,Navodaya Nagar,neighbourhood,75,layered,calm,
77.5824835,12.8831747,Shreyas Colony,neighbourhood,71,layered,calm,
77.5810914,12.8929519,Sri Rama Layout,neighbourhood,56,layered,calm,
77.5825355,12.8947001,Jagruthi Colony,neighbourhood,78,layered,calm,
77.5631012,12.9976424,Maruthi Extension,neighbourhood,56,layered,calm,
77.5590106,13.0000366,Gayatri Nagar,neighbourhood,36,bleh,chaotic,
77.5777361,12.8918543,Sri Guru Raghavendra Nagar,neighbourhood,67,layered,calm,
77.5786648,12.8925603,Lakshmi Nagar,neighbourhood,71,layered,calm,
77.5759295,12.8917159,Eshwara Layout,neighbourhood,57,layered,calm,
77.5759964,12.890563,Yadava Layout,neighbourhood,60,layered,calm,
77.5837404,12.893481,Bank of Baroda Colony,neighbourhood,58,layered,calm,
77.5854089,12.8853616,Sun City Layout,neighbourhood,72,layered,calm,
77.5753526,13.0311884,AECS Layout,neighbourhood,63,mixed,alive,
77.5800418,12.8971719,Ramappa Layout,neighbourhood,78,layered,calm,
77.5836989,12.8900173,Nataraja Layout,neighbourhood,67,layered,calm,
77.588126,12.8833125,M S Ramaiah City,neighbourhood,66,layered,calm,
77.5837803,12.8829972,Nrupathunga Nagar,neighbourhood,57,layered,calm,
77.5696419,13.0307999,Jaladarshini Layout,neighbourhood,65,layered,calm,
77.6756305,12.9746062,Maruthi Nagar,neighbourhood,79,layered,chaotic,
77.7592972,12.9409303,Madhuranagara,neighbourhood,47,mixed,alive,
77.734857,13.0331172,Virgonagar,neighbourhood,69,layered,calm,
77.714279,13.0258004,Bhattarahalli,neighbourhood,64,layered,calm,
77.7423548,12.9198797,Gunjur Hosahalli,neighbourhood,66,layered,calm,
77.5828148,12.9034217,K R Layout,neighbourhood,84,blast,calm,
77.5708953,12.8830861,Srinidhi Layout,neighbourhood,56,layered,calm,
77.5946165,12.8917559,Govinda Reddy Layout,neighbourhood,62,layered,calm,
77.5941914,12.8905542,Mico Arekere Layout 1st Stage,neighbourhood,78,blast,calm,
77.6491037,12.9548407,Rustum Bagh,neighbourhood,57,layered,chaotic,
77.6864573,12.9960265,Kamdhenu Nagar,neighbourhood,66,layered,calm,
77.5611156,13.0233739,Deewanarapalya,neighbourhood,62,layered,calm,
77.5679972,13.1150894,Anantapura,neighbourhood,63,layered,calm,
77.5586193,13.1196469,Ramagondanahalli,neighbourhood,54,layered,chaotic,
77.5966914,13.0357115,Amarjyothi Nagara,neighbourhood,70,layered,calm,
77.6060803,13.0503251,Coffee Board Layout,neighbourhood,67,layered,calm,
77.6115282,13.0562455,Dasarahalli,neighbourhood,67,layered,calm,
77.6140682,13.0272035,Shampura,neighbourhood,57,layered,calm,
77.7094296,13.0027899,Ayyappanagara,neighbourhood,53,mixed,alive,
77.6927879,13.0375814,Maragondanahalli,neighbourhood,66,layered,chaotic,
77.6860657,13.0304962,Varanasi,neighbourhood,68,layered,calm,
77.7056756,13.0039325,Devasandra,neighbourhood,54,mixed,alive,
77.6800333,12.9633466,Ramesh Nagar,neighbourhood,56,layered,calm,
77.7541058,12.9645584,Vinayakanagar,neighbourhood,63,mixed,alive,
77.6792809,13.0194149,Kowdenahalli,neighbourhood,65,layered,calm,
77.6182669,13.0816353,Sampigehalli,neighbourhood,78,blast,vibrant,
77.6592222,13.0155749,Vijaya Bank Colony,neighbourhood,80,blast,calm,
77.7320471,13.0138919,Kurudu Sonnenahalli,neighbourhood,67,layered,calm,
77.5109895,13.0890496,Ganigarahalli,neighbourhood,62,layered,calm,
77.520684,13.0869293,Somashettihalli,neighbourhood,65,layered,calm,
77.6907933,12.9786665,Ferns Habitat,neighbourhood,60,mixed,alive,
77.6524573,12.8994357,Somasundarapalya,neighbourhood,53,bleh,chaotic,
77.574927,12.8717255,Brookes Haven Layout,neighbourhood,63,mixed,alive,
77.6692313,12.9630327,Islampur,neighbourhood,48,layered,chaotic,
77.7044101,12.9612778,Chinnappanahalli,neighbourhood,64,mixed,alive,
77.6712268,12.963786,Kareem Nagar,neighbourhood,59,layered,chaotic,
77.7103962,12.9628131,AECS Layout D Block,neighbourhood,52,layered,chaotic,
77.7158229,12.9651088,AECS Layout B Block,neighbourhood,74,mixed,alive,
77.711188,12.9645343,AECS Layout A Block,neighbourhood,74,mixed,alive,
77.6649676,12.9670219,Nellurupuram,neighbourhood,62,layered,calm,
77.6037799,12.9129858,MICO Layout,neighbourhood,68,layered,calm,
77.6123722,12.9076689,Mahadeshwara Nagara,neighbourhood,84,blast,calm,
77.5884756,12.9180954,DK Naik Nagar,neighbourhood,79,layered,calm,
77.5750504,12.9325983,Yediyuru,neighbourhood,85,blast,calm,
77.4643962,12.9299613,Kommaghatta,neighbourhood,63,layered,calm,
77.4673094,12.9448546,Ramasandra,neighbourhood,59,layered,calm,
77.5476067,13.1203796,Jarakabande Kaval,neighbourhood,66,layered,calm,
77.6349677,12.9644251,Domlur BDA Layout,neighbourhood,85,blast,vibrant,
77.6958748,12.9578658,Sanjay Nagar,neighbourhood,76,layered,calm,
77.637603,12.9243496,Jakkasandra,neighbourhood,74,mixed,vibrant,
77.6341185,12.9188265,Teacher's Colony,neighbourhood,59,layered,calm,
77.7033003,12.9530508,P R Layout,neighbourhood,60,layered,chaotic,
77.4954936,12.9395391,Nagadevanahalli,neighbourhood,68,layered,calm,
77.4939999,13.0352169,Doddabidarakallu,neighbourhood,65,layered,calm,
77.6553966,12.9574268,Kaveri Nagara,neighbourhood,64,layered,chaotic,
77.6548187,12.9584666,Thimmah Reddy Colony,neighbourhood,58,layered,chaotic,
77.6585404,12.9619868,BDA Layout,neighbourhood,63,layered,calm,
77.6684717,12.9721937,BEML Township,neighbourhood,66,layered,calm,
77.6521258,12.9752334,Bhoomi Reddy Colony,neighbourhood,69,layered,calm,
77.6497819,12.9715338,HAL 3rd Stage,neighbourhood,80,blast,vibrant,
77.6566216,12.9832023,Sudgunte Palya,neighbourhood,64,layered,calm,
77.6565969,12.9549208,KR Garden,neighbourhood,81,blast,calm,
77.6571392,12.9581991,Sri Ram Nagar,neighbourhood,57,layered,chaotic,
77.6511086,12.9559345,NR Layout,neighbourhood,43,bleh,chaotic,
77.6506725,12.954706,SR Layout,neighbourhood,59,layered,chaotic,
77.6323745,12.905811,Mangamannapalya,neighbourhood,71,layered,calm,
77.7456311,12.9563879,Varthur Kodi,neighbourhood,19,bleh,frantic,
77.6138927,12.9224501,Maruthi Nagara,neighbourhood,73,layered,calm,
77.6612636,12.9547408,Air View Colony,neighbourhood,47,layered,chaotic,
77.713218,12.9595347,Vaikuntam Layout,neighbourhood,69,mixed,alive,
77.660725,12.9566767,Annaniappa Layout,neighbourhood,44,bleh,chaotic,
77.6591919,12.9569693,Vinayaka Nagar A Block,neighbourhood,44,bleh,chaotic,
77.6532017,12.9530641,Muniyappa Layout,neighbourhood,45,layered,chaotic,
77.628026,12.9746882,Jogupalya,neighbourhood,78,mixed,vibrant,
77.6316363,12.9748063,Saraswathipuram,neighbourhood,77,mixed,vibrant,
77.6253437,12.9689797,Gowthamapura,neighbourhood,72,mixed,vibrant,
77.6753587,12.9930799,A Narayanapura,neighbourhood,68,layered,calm,
77.637243,12.9741879,Appareddipalaya,neighbourhood,73,mixed,vibrant,
77.635328,12.9867555,Kadiranpalaya,neighbourhood,73,mixed,vibrant,
77.6542086,12.9690711,LIC Colony,neighbourhood,75,layered,calm,
77.6464991,12.9720823,Old Thippasandra,neighbourhood,73,mixed,vibrant,
77.6483709,12.9816939,BM Kaval,neighbourhood,78,mixed,vibrant,
77.6465951,12.981094,Michaelpalya,neighbourhood,76,mixed,vibrant,
77.6027552,12.9456451,Eramma Layout,neighbourhood,75,mixed,vibrant,
77.5521201,12.9140392,Seven Hills Layout,neighbourhood,65,layered,calm,
77.6096252,12.9315457,Sadgunte Palya,neighbourhood,75,mixed,vibrant,
77.5202254,13.0194736,MEI Colony,neighbourhood,43,bleh,chaotic,
77.5653751,12.9043655,Rajotsava Nagar,neighbourhood,83,blast,calm,
77.5537191,12.8962755,Kalyani Nagara,neighbourhood,64,mixed,alive,
77.6173368,12.8997376,Lake City,neighbourhood,87,blast,calm,
77.5751704,13.0042636,Vyalikaval,neighbourhood,77,blast,calm,
77.5857284,12.9968123,Chakravarty Layout,neighbourhood,62,layered,calm,
77.5550809,12.9012176,Vittal Nagar,neighbourhood,84,blast,calm,
77.6633556,12.9922512,Putanna Garden,neighbourhood,74,layered,calm,
77.6527383,12.9709603,Puttappa Layout,neighbourhood,80,blast,calm,
77.6379716,13.0295035,Palm Grove,neighbourhood,66,layered,calm,
77.5641719,12.9359484,Ashokanagara,neighbourhood,74,mixed,vibrant,
77.6427434,12.9566279,Amarjyothi Layout,neighbourhood,47,layered,chaotic,
77.6228944,12.9792343,MV Garden,neighbourhood,88,blast,calm,
77.6247821,12.9796895,Gupta Layout,neighbourhood,77,mixed,vibrant,
77.6415509,12.9795785,Old Binnamangala,neighbourhood,79,mixed,vibrant,
77.6086395,12.9825003,Commercial Street Market,neighbourhood,33,bleh,chaotic,
77.7506234,12.9657494,Narayanappa Gardens,neighbourhood,73,layered,calm,
77.6701877,12.9269039,Green Glen Layout,neighbourhood,22,bleh,frantic,
77.605818,12.9801622,Tasker Town,neighbourhood,80,blast,vibrant,
77.659472,12.9645936,Anandapuram,neighbourhood,69,layered,calm,
77.6609288,12.9460886,Belure Ambedkar Nagar,neighbourhood,40,bleh,chaotic,
77.7008465,12.9367661,Kaverappa Layout,neighbourhood,46,layered,chaotic,
77.6556269,12.943102,Belur Nagasandra,neighbourhood,57,layered,chaotic,
77.651534,12.9451006,Challaghatta,neighbourhood,51,layered,chaotic,
77.6873031,12.9371495,Kariyammana Agrahara,neighbourhood,49,layered,chaotic,
77.6301239,12.9981729,ITC Colony,neighbourhood,66,layered,calm,
77.628189,12.9995526,MSO Colony,neighbourhood,62,layered,calm,
77.5009307,13.0669639,Kirloskar Layout,neighbourhood,75,layered,calm,
77.5142974,12.8683303,Nagegowdanapalya,neighbourhood,70,layered,calm,
77.5019592,12.8819899,Gattigerepalya,neighbourhood,62,layered,calm,
77.5144615,12.8801983,Chikkegowdanpalya,neighbourhood,71,layered,calm,
77.6085468,12.9508013,Gajendra Nagara,neighbourhood,65,mixed,vibrant,
77.6621295,12.9576935,MES Colony,neighbourhood,63,layered,chaotic,
77.7069486,12.9541555,Gandhi Nagar,neighbourhood,52,layered,chaotic,
77.6433621,12.9659245,Babasaheb Colony,neighbourhood,81,blast,vibrant,
77.6537885,12.9758758,Gitanjali Layout,neighbourhood,60,layered,calm,
77.5833158,12.9667841,Ganigarpet,neighbourhood,30,bleh,chaotic,
77.5778022,12.9687279,Mamulpete,neighbourhood,37,bleh,chaotic,
77.5845488,12.8775024,Krishna Nagar,neighbourhood,74,layered,calm,
77.6249486,12.9330208,Maistripalaya,neighbourhood,81,blast,vibrant,
77.6671318,12.9661271,Jothinagar,neighbourhood,64,layered,calm,
77.6494922,12.8843419,"AECS Layout, A block",neighbourhood,58,mixed,alive,
77.5866428,12.9930728,Abshot Layout,neighbourhood,62,layered,calm,
77.6033328,12.9207575,Gurappana Palya,neighbourhood,83,blast,calm,
77.4809397,12.983302,Byadarahalli,neighbourhood,65,layered,calm,
77.4645643,12.9766569,Kodigehalli,neighbourhood,69,layered,calm,
77.5250464,13.1124139,Byalakere,neighbourhood,82,blast,calm,
77.6431419,12.9814904,Hutting Colony,neighbourhood,72,mixed,vibrant,
77.6831272,13.0195427,Akshaya Nagar,neighbourhood,67,layered,calm,
77.6314169,12.9693316,Someshwarapura,neighbourhood,77,mixed,vibrant,
77.6468359,12.958343,Corporation Colony,neighbourhood,47,layered,chaotic,
77.6131984,12.9845768,Sivanchetti Gardens,neighbourhood,77,layered,calm,
77.6263539,13.0850788,Chokkanahalli,neighbourhood,58,layered,calm,
77.6269272,12.9708978,Keshavaraj Layout,neighbourhood,68,mixed,vibrant,
77.6150863,12.9632532,Officers Colony,neighbourhood,88,blast,calm,
77.6130746,12.9624115,Yellagondanpalya,neighbourhood,79,mixed,vibrant,
77.6127125,12.9646019,Xavier Layout,neighbourhood,85,blast,vibrant,
77.5700846,12.897971,Yelachenahalli,neighbourhood,71,layered,calm,
77.6945617,13.0029155,Justice Bheemiah Layout,neighbourhood,58,mixed,alive,
77.5623929,12.9479343,Gavipuram,neighbourhood,79,blast,calm,
77.4917699,12.9062295,Concept City,neighbourhood,60,layered,calm,
77.6610345,12.9627471,Sudhama Nagar,neighbourhood,68,layered,calm,
77.6566232,12.9637948,Shivalingaiah Colony,neighbourhood,69,layered,calm,
77.6631129,12.9609594,HAL Township,neighbourhood,42,bleh,chaotic,
77.6371896,12.9562218,Krishna Reddy Colony,neighbourhood,86,blast,vibrant,
77.6388125,12.9752555,Indiranagar 3rd Stage,neighbourhood,79,blast,vibrant,
77.6457345,12.9870838,New Baiyyappanahalli Extension,neighbourhood,43,bleh,chaotic,
77.6578762,12.9959987,Sadananda Nagar,neighbourhood,56,layered,calm,
77.6471078,12.9887931,Ramaswamy Layout,neighbourhood,77,mixed,vibrant,
77.6134783,12.9364846,Koramangala 7th Block,neighbourhood,84,blast,vibrant,
77.6256751,12.9810639,Jayaraj Nagar,neighbourhood,86,blast,vibrant,
77.6255794,12.9775809,Dodakattappa,neighbourhood,81,blast,vibrant,
77.6273767,12.9802093,Hoysala Nagar,neighbourhood,75,mixed,vibrant,
77.6228178,12.9757691,Someshwarpura,neighbourhood,80,blast,vibrant,
77.6168362,12.976384,Hanumanthappa Layout,neighbourhood,86,blast,vibrant,
77.6182694,12.9775731,Yellappa Chetty Layout,neighbourhood,80,blast,vibrant,
77.5338176,12.8886141,Karishma Hills,neighbourhood,67,layered,calm,
77.667161,12.9173303,Ambalipura,neighbourhood,17,bleh,frantic,
77.7541055,12.9798531,Ambedkar Nagar,neighbourhood,50,mixed,alive,
77.6983434,12.9965867,ITI Industrial Estate,neighbourhood,23,bleh,frantic,
77.7004141,12.9970362,Devasandra Industrial Estate,neighbourhood,25,bleh,frantic,
77.6232254,12.9869375,Kalahalli,neighbourhood,71,mixed,vibrant,
77.579307,13.0482241,Papanna Layout,neighbourhood,74,layered,calm,
77.532776,13.0670785,Vishweshwaraiah Enclave,neighbourhood,66,layered,calm,
77.6923621,13.0239276,Anandapura,neighbourhood,68,layered,calm,
77.6198029,13.0341085,Govindapura,neighbourhood,62,layered,calm,
77.5961351,12.8930758,Panduranga Nagar,neighbourhood,70,layered,calm,
77.5066577,13.0265988,Shivapura,neighbourhood,49,layered,chaotic,
77.5330469,12.9676849,PF Layout,neighbourhood,78,layered,calm,
77.639375,13.0312889,Meghanapalya,neighbourhood,59,layered,calm,
77.6328707,13.0290024,Grace Town,neighbourhood,58,layered,calm,
77.5475363,12.9988263,West of Chord Road 2nd Stage,neighbourhood,44,bleh,chaotic,
77.5680336,13.0994536,Attur Layout,neighbourhood,59,layered,calm,
77.5480532,12.9939514,Manjunath Nagar,neighbourhood,57,layered,chaotic,
77.6366043,13.0679511,Shirdi Sai Nagara,neighbourhood,71,layered,calm,
77.5426626,12.9499366,NTY Layout,neighbourhood,71,layered,calm,
77.4869639,12.9236489,Kengeri Satelite Town,neighbourhood,84,blast,calm,
77.48146,12.9381629,Maruthi Nagara,neighbourhood,58,layered,calm,
77.4907297,12.9432604,Bhuvaneshwari Nagara 2nd Stage,neighbourhood,73,layered,calm,
77.4876344,12.9439871,Bhuvaneshwari Nagara 1st Stage,neighbourhood,53,layered,chaotic,
77.5086468,12.9631421,Vinayaka Layout,neighbourhood,76,layered,calm,
77.5496417,13.0078062,Rajajinagara 1st R Block,neighbourhood,80,blast,calm,
77.6109188,12.9510168,Anepalya,neighbourhood,81,blast,vibrant,
77.6158386,12.9713834,Craig Park Layout,neighbourhood,73,layered,calm,
77.6011884,13.0701876,Jakkur Layout,neighbourhood,67,layered,calm,
77.6232576,13.0588586,Rachenahalli,neighbourhood,60,layered,calm,
77.6024303,13.0564103,Buvaneswari Nagara,neighbourhood,65,layered,calm,
77.5981092,13.0569904,Amruthnagar,neighbourhood,65,layered,calm,
77.5862887,12.9853876,Fair Field Layout,neighbourhood,71,layered,calm,
77.5955558,12.9040098,Dollars Colony,neighbourhood,86,blast,calm,
77.6091599,13.0285268,LR Bande,neighbourhood,64,layered,calm,
77.6178262,13.0124266,Postal and Telecom Colony,neighbourhood,75,layered,calm,
77.6151144,13.0187848,Kushal Nagar,neighbourhood,61,layered,calm,
77.5944561,13.0346991,Anand Nagar,neighbourhood,55,layered,calm,
77.5038993,13.0611892,MEI Layout,neighbourhood,80,blast,calm,
77.4847269,13.0898554,Achyutha Nagara,neighbourhood,69,layered,calm,
77.5625271,12.9694492,Nagamma Nagar,neighbourhood,61,layered,calm,
77.5427484,12.9602094,Shamana Nagar,neighbourhood,59,layered,chaotic,
77.545613,12.9689605,RPC Layout,neighbourhood,72,layered,calm,
77.5497115,12.9708424,Cholourpalya,neighbourhood,66,layered,calm,
77.5581551,12.9641406,K H Ranganath Colony,neighbourhood,72,layered,calm,
77.5452778,12.9962979,Indiranagar,neighbourhood,78,blast,vibrant,
77.527197,13.0161192,Lakshmi Devi Nagar,neighbourhood,53,layered,chaotic,
77.6079476,13.001385,Pottery Town,neighbourhood,68,layered,calm,
77.6046672,13.004908,ITI Layout,neighbourhood,71,layered,calm,
77.6037312,12.957998,Langford Town,neighbourhood,70,mixed,vibrant,
77.6124269,12.8966996,Kodichikkanahalli,neighbourhood,64,layered,calm,
77.5929809,12.861385,,neighbourhood,67,layered,calm,
77.5773021,12.9851431,Madhav Nagar,neighbourhood,59,layered,calm,
77.6309556,13.0215678,Kacharakanahalli,neighbourhood,60,layered,calm,
77.5763941,13.0942392,Sharadhanagar,neighbourhood,65,layered,calm,
77.5519539,13.0009723,Ketamaranahalli,neighbourhood,45,layered,chaotic,
77.5571278,12.9874184,Rajajinagar 4th Block,neighbourhood,81,blast,calm,
77.5532988,12.9946609,Rajajinagar 2nd Block,neighbourhood,67,layered,calm,
77.5388039,13.0040406,JC Nagar,neighbourhood,41,bleh,chaotic,
77.5422438,12.9904292,Saneguruvanahalli,neighbourhood,47,layered,chaotic,
77.5467906,12.9879221,Shivanahalli,neighbourhood,67,layered,calm,
77.5807595,13.1104253,Puttenahalli,neighbourhood,77,layered,calm,
77.5881475,12.957551,Sudhama Nagara,neighbourhood,40,bleh,chaotic,
77.5264728,13.0007892,Kempegowda Layout,neighbourhood,46,layered,chaotic,
77.4966896,12.9295126,Dubasi Palya,neighbourhood,58,layered,calm,
77.5811309,13.0574738,Maruthi Nagara,neighbourhood,61,layered,calm,
77.5838453,13.0702555,Rajiv Gandhi Nagar,neighbourhood,66,layered,calm,
77.6238263,12.91064,Roopena Agrahara,neighbourhood,63,layered,calm,
77.5783554,13.068572,Canara Bank Layout,neighbourhood,74,layered,calm,
77.5559972,12.9927527,Jooganahalli,neighbourhood,46,layered,chaotic,
77.6373339,13.0017718,Nagayana Palya,neighbourhood,67,layered,calm,
77.639603,12.9996366,Sathyanagara,neighbourhood,75,layered,calm,
77.5255006,12.9202077,Gattigere Extension,neighbourhood,73,layered,calm,
77.5281673,12.9186123,Giridhama Layout,neighbourhood,76,layered,calm,
77.5249278,12.9266771,Aditya Layout,neighbourhood,76,layered,calm,
77.5232906,12.9292632,Marappa Layout,neighbourhood,69,layered,calm,
77.5233292,12.9309948,Javaranadoddi,neighbourhood,63,layered,calm,
77.5182504,12.9273325,Ideal Homes Layout,neighbourhood,68,layered,calm,
77.5202202,12.9196528,BEML Layout 3rd Stage,neighbourhood,66,layered,calm,
77.5209058,12.9083587,BEML Layout 5th Stage,neighbourhood,78,layered,calm,
77.506908,12.9132852,Krishna Garden Layout,neighbourhood,91,blast,calm,
77.5093729,12.9071376,Concorde Layout,neighbourhood,71,layered,calm,
77.5092496,12.9184375,BHEL Layout,neighbourhood,55,mixed,alive,
77.4982509,12.9143909,BEML Layout 7th Phase,neighbourhood,80,blast,calm,
77.4871294,12.9004224,Kodipalya,neighbourhood,65,layered,calm,
77.5142194,12.9216416,Halagevaderahalli,neighbourhood,64,layered,calm,
77.5962356,12.8679232,Nobo Nagar,neighbourhood,59,layered,calm,
77.5066931,12.9053658,Reflex Layout,neighbourhood,58,layered,calm,
77.5096707,12.901464,"Banashankari 6th Stage, 11th Block",neighbourhood,68,layered,calm,
77.6060861,12.9653743,Arab Lines,neighbourhood,72,mixed,vibrant,
77.5342619,12.9844493,KHB Colony,neighbourhood,56,layered,calm,
77.598018,12.9631709,Langford Gardens,neighbourhood,79,blast,calm,
77.5954485,12.9598852,Akkithimmanahalli,neighbourhood,63,layered,calm,
77.6165816,12.9946318,Sindhi Colony,neighbourhood,57,layered,calm,
77.5151646,12.9561107,Teacher's Colony,neighbourhood,59,layered,calm,
77.5098485,12.9570936,Nrupatunga Nagar,neighbourhood,65,layered,calm,
77.5945915,12.9907651,Kaverappa Layout,neighbourhood,62,layered,calm,
77.5462675,13.0023468,Nagapura,neighbourhood,52,layered,chaotic,
77.617338,12.9408685,Koramangala 8th Block,neighbourhood,68,mixed,vibrant,
77.6189768,12.9348429,Koramangala 5th Block,neighbourhood,87,blast,vibrant,
77.6238477,12.9390255,Koramangala 6th Block,neighbourhood,87,blast,vibrant,
77.6294052,12.9327778,Koramangala 4th Block,neighbourhood,84,blast,vibrant,
77.6254034,12.9282918,Koramangala 3rd Block,neighbourhood,75,blast,vibrant,
77.6327822,12.9277245,Koramangala 1st Block,neighbourhood,73,mixed,vibrant,
77.6183251,12.9569446,Rudrappa Garden,neighbourhood,91,blast,calm,
77.6136258,12.9634244,Anglo-Indian Quarters,neighbourhood,74,mixed,vibrant,
77.6295796,12.9822565,Corporation Colony,neighbourhood,71,mixed,vibrant,
77.6325354,12.9259181,SBI Colony,neighbourhood,72,layered,calm,
77.7043284,12.933134,JCR Layout,neighbourhood,61,layered,chaotic,
77.6067556,12.9991567,Williams Town,neighbourhood,65,layered,calm,
77.6077625,12.8929425,Vijaya Bank Layout,neighbourhood,62,layered,calm,
77.591967,13.0666526,Byatarayanapura,neighbourhood,35,bleh,chaotic,
77.7244484,12.9546256,Meenakshi Layout,neighbourhood,52,mixed,alive,
77.592769,12.9610275,Raja Ram Mohan Roy Extension,neighbourhood,80,blast,calm,
77.5980019,13.0834599,Jakkur Plantation,neighbourhood,90,blast,calm,
77.5027084,13.03553,HMT Layout,neighbourhood,56,layered,chaotic,
77.4960405,13.0368052,Sapthagiri Layout,neighbourhood,78,layered,calm,
77.5026011,13.0426689,Rukmini Nagara,neighbourhood,42,bleh,chaotic,
77.6210689,13.1396031,Bharathi Nagar,neighbourhood,74,layered,calm,
77.633611,12.9677163,ISRO Colony,neighbourhood,80,blast,vibrant,
77.614511,12.9669792,Corporation Quarters,neighbourhood,81,blast,vibrant,
77.6023659,12.9568426,Bethel Layout,neighbourhood,73,mixed,vibrant,
77.5583026,13.0093324,Milk Colony,neighbourhood,44,bleh,chaotic,
77.5812569,13.0402806,Central Excise Layout,neighbourhood,65,layered,calm,
77.576901,13.0298726,Geddalahalli,neighbourhood,61,layered,calm,
77.6409441,12.9014999,ITI Layout,neighbourhood,55,layered,chaotic,
77.6434654,13.0341921,Arkavathy Layout 20th Block,neighbourhood,59,layered,calm,
77.6463836,13.0326974,Arkavathy Layout 19th Block,neighbourhood,66,layered,calm,
77.6192558,13.0742321,Venkateshapura,neighbourhood,58,layered,calm,
77.6498008,13.0412474,Byrathikhane,neighbourhood,62,layered,calm,
77.6173527,13.0104535,Pillana Garden,neighbourhood,79,blast,calm,
77.6184726,13.0079918,New Bagalur Layout,neighbourhood,57,layered,calm,
77.6366998,13.0461279,Arkavathy Layout 16th Block,neighbourhood,76,layered,calm,
77.6390076,13.0441008,Arkavathy Layout 20th Block,neighbourhood,59,layered,calm,
77.6481432,13.0436932,Arkavathy Layout 18th Block,neighbourhood,57,layered,calm,
77.6186013,13.0697382,Arkavathy Layout 8th Block,neighbourhood,66,layered,calm,
77.6237619,13.0739708,Arkavathy Layout 4th Block,neighbourhood,55,layered,calm,
77.609455,13.071541,Arkavathy Layout 8th Block,neighbourhood,66,layered,calm,
77.512241,12.9083759,Srinivasapura,neighbourhood,58,layered,calm,
77.519837,12.9029431,Channasandra,neighbourhood,68,layered,calm,
77.577928,12.9910265,Kumara Park West,neighbourhood,78,blast,calm,
77.5796279,12.9886274,Kumara Park East,neighbourhood,73,layered,calm,
77.5067532,12.9863834,Chandana Layout,neighbourhood,70,layered,calm,
77.4871355,12.9972558,Syndicate Bank Layout,neighbourhood,62,layered,calm,
77.5048569,12.9941222,Vigneshwara Nagara,neighbourhood,53,layered,chaotic,
77.4944741,12.9920653,Madeshwara Nagara,neighbourhood,74,layered,calm,
77.4970838,12.9974648,Prasanna Layout,neighbourhood,68,layered,calm,
77.4779731,12.9936752,Hosahalli Golarapalya,neighbourhood,61,layered,calm,
77.5123483,12.9983586,Kareemsab Nagar,neighbourhood,47,layered,chaotic,
77.5130081,13.0082322,GKW Layout,neighbourhood,53,layered,chaotic,
77.6100019,13.0400678,Jogappa Layout,neighbourhood,75,layered,calm,
77.5706743,12.9457868,Gandhi Bazaar,neighbourhood,83,blast,vibrant,
77.6326118,13.00317,Maruthi Seva Nagar,neighbourhood,79,layered,calm,
77.6280454,13.0044245,Vivekananda Nagar,neighbourhood,76,layered,calm,
77.6225898,12.9926115,Doddigunta,neighbourhood,64,layered,calm,
77.6266855,12.9959308,Heerachand Layout,neighbourhood,69,layered,calm,
77.6563266,12.9972923,Income Tax Layout,neighbourhood,67,layered,calm,
77.6527619,12.9972741,Krishnaiahnapalya,neighbourhood,70,layered,calm,
77.6409334,12.9943495,Old Baiyappanahalli,neighbourhood,29,bleh,frantic,
77.6289225,12.996409,Jeevanahalli,neighbourhood,70,layered,calm,
77.6381761,12.9922626,Kathalipalya,neighbourhood,64,layered,calm,
77.6303011,12.9288251,Jakkasandra Block,neighbourhood,74,mixed,vibrant,
77.620393,12.9230999,Sidhartha Colony,neighbourhood,73,layered,calm,
77.6479366,12.9221405,Agara,neighbourhood,51,layered,chaotic,
77.5834429,12.9986435,RV Layout,neighbourhood,56,layered,calm,
77.5968003,12.9696296,D'Souza Layout,neighbourhood,59,layered,calm,
77.5678459,13.0338733,ITI Colony,neighbourhood,57,layered,calm,
77.5401252,13.0694142,Kuvempu Nagar 1st Stage,neighbourhood,72,layered,calm,
77.5544482,13.0945892,Doddabettahalli,neighbourhood,61,layered,calm,
77.5393796,13.1007546,Rainbow Layout,neighbourhood,58,layered,calm,
77.5407422,13.0968412,Muneshwara Layout,neighbourhood,76,layered,calm,
77.5402433,13.0729153,Kuvempu Nagar 2nd Stage,neighbourhood,58,layered,calm,
77.5389719,13.0895889,Kanshiram Nagar,neighbourhood,78,layered,calm,
77.5511706,13.0857328,Adithyanagara,neighbourhood,56,layered,calm,
77.5446314,13.0831464,Vinayaka Nagara,neighbourhood,65,layered,calm,
77.4939162,13.0540222,Manjunath Nagar,neighbourhood,77,layered,calm,
77.5635409,12.9948984,Prakash Nagar,neighbourhood,65,layered,calm,
77.5616822,12.9397405,Mount Joy,neighbourhood,74,layered,calm,
77.5651503,13.0441348,Lottegollahalli,neighbourhood,70,layered,calm,
77.6070517,13.1076199,Maruthi Nagara,neighbourhood,61,layered,calm,
77.6026475,13.1122071,Venkatala,neighbourhood,63,layered,calm,
77.6415825,12.9044961,Yellukunte,neighbourhood,55,layered,chaotic,
77.6366023,12.9574233,Siddhartha Nagar,neighbourhood,64,mixed,vibrant,
77.6398407,12.9574749,Gowtham Colony,neighbourhood,80,blast,vibrant,
77.6577616,12.9007678,Royal Placid Layout,neighbourhood,52,layered,chaotic,
77.7009129,12.9265141,Bhoganahalli,neighbourhood,21,bleh,frantic,
77.623145,12.9497693,Munniswamy Garden,neighbourhood,87,blast,calm,
77.6133289,13.0406772,Virannapalya,neighbourhood,58,layered,calm,
77.574479,13.0342601,Judicial Officer's Layout,neighbourhood,87,blast,calm,
77.5806494,13.027232,Ramakrishna Layout,neighbourhood,58,layered,calm,
77.6247597,12.9460051,Indira Gandhi Colony,neighbourhood,84,blast,vibrant,
77.4894315,12.9197902,BDA Jnanabharathi Residential Enclave,neighbourhood,59,layered,calm,
77.4917114,12.9139498,Vijayashree Layout,neighbourhood,77,layered,calm,
77.5301421,12.9233875,Krishnappa Layout,neighbourhood,63,layered,calm,
77.5349593,12.9382936,Veerabhadra Nagara,neighbourhood,73,layered,calm,
77.5476086,13.0148047,Ashokapuram,neighbourhood,53,layered,chaotic,
77.5437301,13.0159128,Shankar Nagar,neighbourhood,48,layered,chaotic,
77.6368886,13.0097427,Ramaswamypalya,neighbourhood,69,layered,calm,
77.5746989,12.9995765,Swimming Pool Extension,neighbourhood,80,blast,calm,
77.568377,12.9951048,Valluvarpuram,neighbourhood,66,layered,calm,
77.5759435,12.9135785,Shakambari Nagar,neighbourhood,82,blast,calm,
77.6396566,13.0643377,M Nanjappa Layout,neighbourhood,71,layered,calm,
77.6137532,12.9144469,Kuvempu Nagar,neighbourhood,84,blast,calm,
77.5628221,12.8681419,JP Nagar 9th Phase,neighbourhood,64,layered,calm,
77.553885,12.8720746,BOOHBCS Layout,neighbourhood,73,layered,calm,
77.5553977,12.8818851,Narayana Nagara,neighbourhood,66,layered,calm,
77.5636965,12.8789514,PNB Layout,neighbourhood,60,layered,calm,
77.5603169,12.8766766,MKS Layout,neighbourhood,59,layered,calm,
77.5992519,12.9498895,Vinayaka Nagara,neighbourhood,77,layered,calm,
77.6510668,12.9074791,Parangipalya,neighbourhood,50,layered,chaotic,
77.5358552,12.921981,Sapthagiri Layout,neighbourhood,78,layered,calm,
77.5544858,12.9972636,Mariappanapalya,neighbourhood,47,layered,chaotic,
77.5772202,13.1157467,Isaac Layout,neighbourhood,63,layered,calm,
77.5818014,13.125289,KEB Layout,neighbourhood,64,layered,calm,
77.5849342,13.1200124,Kenchenahalli,neighbourhood,71,layered,calm,
77.5780195,13.1136647,Vinayaka Layout,neighbourhood,79,layered,calm,
77.6002443,13.0930374,Surabhi Layout,neighbourhood,74,layered,calm,
77.5539386,13.1050754,Veerasagara,neighbourhood,65,layered,calm,
77.6034629,13.0827075,GKVK Layout,neighbourhood,84,blast,calm,
77.6337397,13.1313282,Niranthara Layout,neighbourhood,67,layered,calm,
77.7098778,12.9582324,Silver Springs Layout,neighbourhood,50,layered,chaotic,
77.6405073,13.0607459,Arkavathy Layout 6th Block,neighbourhood,64,layered,calm,
77.7211999,12.9942742,Ramiah Reddy Layout,neighbourhood,70,mixed,alive,
77.7203698,12.994363,Hoody Garden,neighbourhood,80,blast,calm,
77.576897,12.9959346,Basappa Garden,neighbourhood,76,layered,calm,
77.6725164,12.9464756,Kempapura,neighbourhood,56,layered,chaotic,
77.609433,13.0305452,Adarsh Nagar,neighbourhood,60,layered,calm,
77.6096168,13.0326126,Kaveri Nagar,neighbourhood,69,layered,calm,
77.4985886,13.0288457,Gruhalaxmi Layout,neighbourhood,68,layered,calm,
77.6177591,13.0281505,Rashad Nagar,neighbourhood,53,layered,chaotic,
77.6057133,13.0186149,Munirangappa Layout,neighbourhood,79,layered,calm,
77.6024035,13.0165243,Modi Garden,neighbourhood,78,blast,calm,
77.6121074,13.0099704,Periyar Nagar,neighbourhood,62,layered,calm,
77.6132409,13.0054097,Sagayapura,neighbourhood,61,layered,calm,
77.5703309,12.9528538,Shankarapuram,neighbourhood,78,blast,calm,
77.6278389,13.0504294,Saraipalya,neighbourhood,62,layered,calm,
77.5919026,13.0174886,Rehamathnagara,neighbourhood,58,layered,calm,
77.5230958,12.9872184,Vinayaka Nagar,neighbourhood,69,layered,calm,
77.5359135,12.9900561,Sharada Colony,neighbourhood,75,Layered,Calm,
77.5257991,12.9960324,NGOs Colony,neighbourhood,56,layered,Calm,
77.529404,12.9971785,Kirloskar Colony,neighbourhood,45,layered,chaotic,
77.5223306,12.9908822,Vrishabha Nagar,neighbourhood,50,layered,chaotic,
77.5323333,12.9881855,Meenakshi Nagar,neighbourhood,78,layered,calm,
77.5372599,12.9961064,Teacher's Colony,neighbourhood,39,bleh,chaotic,
77.5286425,12.9798772,Syndicate Bank Colony,neighbourhood,75,layered,calm,
77.5229642,12.9964086,Prem Nagar,neighbourhood,57,layered,chaotic,
77.5360361,12.993783,Shakthi Ganapathi Nagar,neighbourhood,52,layered,chaotic,
77.5068873,12.9807183,Annapoorneshwari Nagara,neighbourhood,62,layered,calm,
77.5675669,12.9151498,Teacher's Colony,neighbourhood,71,layered,calm,
77.5934931,12.9128386,KSRTC Layout,neighbourhood,84,blast,calm,
77.6006358,12.9151812,BHBCS Layout,neighbourhood,84,blast,calm,
77.5798635,12.9087511,Sarakki,neighbourhood,82,blast,calm,
77.5748438,13.0970606,Mathru Layout,neighbourhood,75,layered,calm,
77.5776681,13.096158,LIG 3rd Stage,neighbourhood,69,layered,calm,
77.7054539,12.9858241,Ashraya Layout,neighbourhood,69,mixed,alive,
77.7619868,12.9819454,AKG Colony,neighbourhood,50,mixed,alive,
77.7640629,12.9911506,VS Reddy Colony,neighbourhood,47,mixed,alive,
77.6315922,13.0008352,N Thyagaraju Layout,neighbourhood,62,layered,calm,
77.4906921,12.9660017,Further Extension,neighbourhood,68,layered,calm,
77.4758433,12.9601467,6th Block,neighbourhood,60,layered,calm,
77.4821948,12.9599794,5th Block,neighbourhood,63,layered,calm,
77.4752425,12.9444211,4th Block,neighbourhood,64,layered,calm,
77.4822806,12.9445884,3rd Block,neighbourhood,58,layered,calm,
77.471981,12.9331281,2nd Block,neighbourhood,56,layered,calm,
77.4791907,12.9312041,1st Block,neighbourhood,75,layered,calm,
77.5906312,13.0313386,Anand Nagar Colony,neighbourhood,76,layered,calm,
77.6236546,13.0040769,D'Costa Square,neighbourhood,71,layered,calm,
77.6236439,13.0014635,Balaji Layout,neighbourhood,60,layered,calm,
77.6198459,13.0015994,Lazar Layout,neighbourhood,80,blast,calm,
77.5986993,13.0049027,Chinnappa Garden,neighbourhood,81,blast,calm,
77.6069927,13.0045682,SK Garden,neighbourhood,80,blast,calm,
77.603538,13.0067007,Marappa Garden,neighbourhood,85,blast,calm,
77.6001048,13.0082479,Anjanappa Garden,neighbourhood,76,layered,calm,
77.59606,13.0100563,Anchappa Garden,neighbourhood,87,blast,calm,
77.5810289,13.0074952,Upper Palace Orchard,neighbourhood,85,blast,calm,
77.5578707,12.982097,Rajajinagar 4M Block,neighbourhood,69,layered,calm,
77.6032161,13.0229555,Dinnur,neighbourhood,58,layered,calm,
77.568326,12.9388164,NR Colony,neighbourhood,80,blast,calm,
77.5423407,12.934592,Hosakerehalli Layout,neighbourhood,82,blast,calm,
77.5920877,12.9464207,Siddapura,neighbourhood,73,mixed,alive,
77.6264629,12.9155733,MCHS Colony,neighbourhood,74,layered,calm,
77.6391631,12.9138792,MCHS Colony,neighbourhood,74,layered,calm,
77.652778,13.0082113,OMBR Layout,neighbourhood,62,layered,calm,
77.5396827,12.9993557,Kirloskar Colony,neighbourhood,45,layered,chaotic,
77.4650139,12.9721824,Chikka Kodigehalli,neighbourhood,67,layered,calm,
77.6099861,12.9067393,Madeena Nagar,neighbourhood,52,bleh,chaotic,
77.6186871,13.1208483,Dwaraka Nagar,neighbourhood,61,layered,calm,
77.5276422,12.9250188,Bangarappa Nagar,neighbourhood,80,blast,calm,
77.6969701,12.9938608,RHB Colony,neighbourhood,56,mixed,alive,
77.6267123,13.0487624,Fatima Layout,neighbourhood,52,layered,chaotic,
77.569309,12.9070386,Ilyas Nagar,neighbourhood,52,layered,chaotic,
77.564076,12.9122113,JHBCS Layout,neighbourhood,77,layered,calm,
77.5637984,12.9078373,Kumaraswamy Layout 1st Stage,neighbourhood,84,blast,calm,
77.5580746,12.9059,Kumaraswamy Layout 2nd Stage,neighbourhood,84,blast,calm,
77.5613308,12.8994971,Vikram Nagar,neighbourhood,68,layered,calm,
77.5631064,12.9008645,Chandra Nagar,neighbourhood,84,blast,calm,
77.5639218,12.910206,Bendre Nagar,neighbourhood,84,blast,calm,
77.5617023,12.9119432,Minaz Nagara,neighbourhood,69,layered,calm,
77.5569963,13.1113607,Kempanahalli,neighbourhood,61,layered,calm,
77.5383791,13.0949471,Vaderahalli,neighbourhood,65,layered,calm,
77.525062,13.0980951,Guni Agrahara,neighbourhood,66,layered,calm,
77.5165942,13.1042369,Kalathammanahalli,neighbourhood,63,layered,calm,
77.6932286,12.9705428,Shamanna Reddy Layout,neighbourhood,49,mixed,alive,
77.5921065,13.0782791,Yashoda Nagar,neighbourhood,64,layered,calm,
77.5906795,13.0179119,MLA Layout,neighbourhood,79,blast,calm,
77.5559556,13.0071764,Subramanya Nagar 2nd Stage,neighbourhood,51,layered,chaotic,
77.6157367,13.0978966,Prakruthi Nagar,neighbourhood,73,layered,calm,
77.5599278,13.0960152,Kaveri Layout,neighbourhood,72,layered,calm,
77.5278756,12.9361971,Pramodha Layout,neighbourhood,64,layered,calm,
77.5132978,12.9267912,Kenchenahalli,neighbourhood,68,layered,calm,
77.5142956,12.9326889,Ideal Homes Layout,neighbourhood,68,layered,calm,
77.5803933,13.0916685,Chikkabommasandra,neighbourhood,64,layered,chaotic,
77.6581854,13.0053365,Doctors Layout,neighbourhood,59,layered,calm,
77.6728073,12.8819431,Sir M. Visvesvaraya Layout,neighbourhood,80,blast,calm,
77.6119816,12.8811713,Royal Residency Layout,neighbourhood,58,layered,calm,
77.4850273,12.9918039,Tunga Nagar,neighbourhood,59,layered,calm,
77.639603,12.928663,SHBCS Layout,neighbourhood,76,layered,calm,
77.6007103,12.9513932,JK Pura,neighbourhood,74,mixed,vibrant,
77.5830111,13.0134746,Achaiah Chetty Layout,neighbourhood,61,layered,calm,
77.5638494,13.0418249,MLA Layout,neighbourhood,79,blast,calm,
77.5523052,13.0051771,Rajajinagara 1st N Block,neighbourhood,68,layered,calm,
77.5820053,12.9880639,Srikantan Layout,neighbourhood,73,layered,calm,
77.6645583,12.9763286,Gorkamantapalya,neighbourhood,70,layered,calm,
77.6640138,12.9898882,Nagavarapalaya,neighbourhood,66,layered,calm,
77.6657841,12.9822173,Byrasandra,neighbourhood,66,layered,calm,
77.5839833,12.9421193,Kankanpalya,neighbourhood,77,layered,calm,
77.6009079,12.9479159,Chinnayanapalya,neighbourhood,72,mixed,vibrant,
77.6004437,12.9597921,Pudupadacheri,neighbourhood,80,blast,vibrant,
77.5326392,12.9321399,D'Souza Nagar,neighbourhood,58,layered,calm,
77.680936,12.9792262,Abbaiah Reddy Layout,neighbourhood,63,layered,calm,
77.6593253,12.9774564,Krishnappa Garden,neighbourhood,86,blast,calm,
77.5061497,13.0712823,Geleyara Balaga Layout,neighbourhood,62,layered,calm,
77.4967968,13.066906,Soundarya Layout,neighbourhood,63,layered,calm,
77.4903689,13.0441126,Muniswamappa Layout,neighbourhood,66,layered,calm,
77.5847273,13.0613024,Defence Layout,neighbourhood,68,layered,calm,
77.7000388,12.9691435,LRDE Layout,neighbourhood,48,mixed,alive,
77.7205333,13.0065256,Alfa Gardens,neighbourhood,74,layered,calm,
77.701236,12.9519005,MSR Layout,neighbourhood,63,layered,chaotic,
77.5047107,13.0308565,Nelagedaranahalli,neighbourhood,48,layered,chaotic,
77.6561147,12.9700949,Hanuman Nagar,neighbourhood,79,layered,calm,
77.6835161,12.9064203,Junnasandra,neighbourhood,51,layered,chaotic,
77.6876065,12.9007312,Halanayakanahalli,neighbourhood,52,layered,chaotic,
77.5369629,12.9768749,Thimanahalli,neighbourhood,66,layered,calm,
77.6411292,13.0560811,Arkavathy Layout 17th Block,neighbourhood,66,layered,calm,
77.6405632,13.0634049,Arkavathy Layout 5th Block,neighbourhood,55,layered,calm,
77.6260981,13.0596973,Arkavathy Layout 11th Block,neighbourhood,70,layered,calm,
77.5642942,13.1164358,Ferrar Nagar,neighbourhood,61,layered,calm,
77.6345825,12.8950661,GarvebhaviPalya,neighbourhood,27,bleh,frantic,
77.6548058,13.0271602,Papaiah Layout,neighbourhood,72,layered,calm,
77.6834679,13.0945448,Yarappana Bande,neighbourhood,69,layered,calm,
77.5317085,12.8731989,Ganigarapalya,neighbourhood,65,layered,calm,
77.6169759,12.9194294,Jai Bheema Nagar,neighbourhood,78,layered,calm,
77.5498322,12.8982552,Vasanthapura,neighbourhood,71,layered,calm,
77.5854935,12.9297257,Geetha Colony,neighbourhood,78,layered,calm,
77.6297222,13.0411786,Telecom Layout 10th Block,neighbourhood,64,layered,calm,
77.5861144,12.861657,IDBI Layout,neighbourhood,76,layered,calm,
77.5911918,12.8658068,Kalena Agrahara,neighbourhood,62,layered,calm,
77.5992545,12.8583256,Dodda Kammanahalli,neighbourhood,68,layered,calm,
77.5283825,12.9013482,BHCS Layout,neighbourhood,61,layered,calm,
77.6331469,13.0123352,KFSC Layout,neighbourhood,76,layered,calm,
77.5682911,13.107164,CQAL Layout,neighbourhood,79,layered,calm,
77.6602721,13.0099152,B Channasandra,neighbourhood,62,layered,calm,
77.6470247,13.0071136,Chikka Banasawadi,neighbourhood,66,layered,calm,
77.641848,13.0081041,Subbayanapalya,neighbourhood,71,layered,calm,
77.629416,13.0115982,Saitpalya,neighbourhood,63,layered,calm,
77.6286113,13.0141331,Kariyannanapalya,neighbourhood,62,layered,calm,
77.6960796,12.8694807,Janatha Colony,neighbourhood,76,layered,calm,
77.6618586,13.0014412,Kasturi Nagar 2nd Stage,neighbourhood,66,layered,calm,
77.642654,13.0071751,Jai Jawan Nagar,neighbourhood,65,layered,calm,
77.5767307,13.0395646,RMS Colony,neighbourhood,69,layered,calm,
77.5610766,13.0719654,Gurudarshan Layout,neighbourhood,56,layered,calm,
77.5555723,13.0667714,Chamundeshwari Layout,neighbourhood,60,layered,calm,
77.5529965,13.0768415,Vaishnavi Layout,neighbourhood,56,layered,calm,
77.5585759,13.0877316,AMS Layout,neighbourhood,77,layered,calm,
77.5105485,13.1145032,Paakegowdanapalya,neighbourhood,67,layered,calm,
77.5604872,13.0822398,Narasipura Layout,neighbourhood,61,layered,calm,
77.5625432,13.0847453,HMT Layout,neighbourhood,76,layered,calm,
77.5575408,13.0837969,HMT Colony,neighbourhood,68,layered,calm,
77.491124,13.0373801,Byraveshwara Nagara,neighbourhood,73,layered,calm,
77.4939859,13.0397318,Venugopala Nagara,neighbourhood,78,layered,calm,
77.6110603,13.0256105,Chinnanna Layout,neighbourhood,58,layered,calm,
77.5975272,13.0364498,Cholanayakanahalli,neighbourhood,64,layered,calm,
77.5885498,13.0287777,RBI Colony,neighbourhood,61,layered,calm,
77.5900049,13.0201254,Krishnappa Block,neighbourhood,61,layered,calm,
77.6195361,12.9181537,Dollar Scheme Colony,neighbourhood,74,layered,calm,
77.64454,13.0395959,Sri Sai Layout,neighbourhood,75,layered,calm,
77.6068291,12.9263886,Balaji Layout,neighbourhood,72,layered,calm,
77.5993048,13.0341222,Chamundi Nagara,neighbourhood,70,layered,calm,
77.6613684,12.9914863,Rahat Bagh,neighbourhood,71,layered,calm,
77.5755584,12.9869634,Nehru Nagar,neighbourhood,64,layered,calm,
77.6128131,12.9309178,Jogi Colony,neighbourhood,65,mixed,vibrant,
77.4709879,13.1337747,Viniyaka Layout,neighbourhood,77,layered,calm,
77.7126762,12.9791406,Channama Layout,neighbourhood,48,mixed,alive,
77.5815573,13.0531468,Sarovara Layout,neighbourhood,77,layered,calm,
77.5442803,13.0929046,Bestcounty2,neighbourhood,69,layered,calm,
77.6053029,13.0734404,MCHS Layout,neighbourhood,61,layered,calm,
77.7499679,12.9373974,Ramaswami Layout,neighbourhood,57,mixed,alive,
77.6067432,12.9204015,Maruthi Layout,neighbourhood,84,blast,calm,
77.6778517,12.9041861,KPC Layout,neighbourhood,52,layered,chaotic,
77.67165,13.0181811,Muneshwara Layout,neighbourhood,76,layered,calm,
77.6391095,13.1256547,Balaji Layout Phase 2,neighbourhood,67,layered,calm,
77.5703537,12.8559982,Anjanapura 10th Block,neighbourhood,76,layered,calm,
77.5670063,12.8566677,Anjanapura 9th Block,neighbourhood,78,layered,calm,
77.5549257,12.8588433,Anjanapura 8th Block,neighbourhood,74,layered,calm,
77.5544965,12.8623159,Anjanapura 7th Block,neighbourhood,64,layered,calm,
77.5518358,12.8536761,Anjanapura 6th Block,neighbourhood,77,layered,calm,
77.5557411,12.8644392,Anjanapura 3rd Block,neighbourhood,68,layered,calm,
77.5584447,12.8576509,Anjanapura 5th Block,neighbourhood,81,blast,calm,
77.5597215,12.8586864,Anjanapura 4th Block,neighbourhood,74,layered,calm,
77.5498187,12.8628703,Anjanapura 2nd Block,neighbourhood,67,layered,calm,
77.5477588,12.8588538,Anjanapura 1st Block,neighbourhood,71,layered,calm,
77.6744108,12.9659706,Syed Block,neighbourhood,56,layered,chaotic,
77.7468721,12.9400923,Gandhi Circle,neighbourhood,55,mixed,alive,
77.5751455,13.0377211,NGEF Layout,neighbourhood,39,bleh,chaotic,
77.6146643,13.1163349,Palanahalli,neighbourhood,63,layered,calm,
77.6803457,12.9672445,Talacauvery Layout,neighbourhood,80,blast,calm,
77.5656142,13.0985378,Akshaya Nagar,neighbourhood,67,layered,calm,
77.5637894,13.0985808,Tirumala Nagar,neighbourhood,64,layered,calm,
77.554129,12.9363569,Srinivas Nagar,neighbourhood,63,layered,calm,
77.7123874,12.9308276,Panathur Dinne,neighbourhood,24,bleh,frantic,
77.7178296,12.9524185,GJM Sai Garden Layout,neighbourhood,90,blast,calm,
77.5418368,12.9977407,Maruthi House Building Co-operative Society Layout,neighbourhood,52,layered,chaotic,
77.5414636,12.9980709,Bhimajyothi LIC HBCS Layout,neighbourhood,59,layered,chaotic,
77.6267338,13.1056449,Waseem Layout,neighbourhood,57,layered,calm,
77.6285684,13.1061674,Fakir Colony,neighbourhood,41,bleh,chaotic,
77.6951918,12.9708934,Ambedkar Colony,neighbourhood,37,bleh,chaotic,
77.6981476,12.9706019,Wasa Layout,neighbourhood,47,mixed,alive,
77.4852955,12.896025,Chettupalya,neighbourhood,64,layered,chaotic,
77.7493148,12.9635616,Brooke Bond,neighbourhood,58,mixed,alive,
77.6666772,12.993111,Pai Layout,neighbourhood,56,layered,calm,
77.6698294,12.9928585,Gangappa Layout,neighbourhood,70,layered,calm,
77.588633,13.0258705,Vasanthappa Block,neighbourhood,55,layered,calm,
77.6294703,12.9352939,Green Leaf Layout,neighbourhood,67,mixed,vibrant,
77.6301,12.9352292,Chandra Reddy Layout,neighbourhood,68,mixed,vibrant,
77.680004,12.9108663,Kasavanahalli,neighbourhood,20,bleh,frantic,
77.6223618,12.9119629,N. G. R. Layout,neighbourhood,62,layered,calm,
77.7082171,12.9631181,Maruthi Layout,neighbourhood,70,mixed,alive,
77.7227717,12.9601044,Thubarahalli Palya,neighbourhood,73,mixed,alive,
77.5566819,13.0682587,Nanjappa Layout,neighbourhood,75,layered,calm,
77.677326,12.9922767,MEG Layout,neighbourhood,59,layered,calm,
77.6400483,13.0657381,LBS Nagar,neighbourhood,62,layered,calm,
77.6376986,13.064403,Arkavathy Layout 6th Block,neighbourhood,64,layered,calm,
77.6542613,13.0517881,Kanakashree Layout,neighbourhood,68,layered,calm,
77.6504338,13.0581531,Evergreen Layout,neighbourhood,67,layered,calm,
77.5785586,12.8718026,Kothnur Lake View Layout,neighbourhood,89,blast,calm,
77.6408228,12.8785082,Wellington Paradise Layout,neighbourhood,59,layered,calm,
77.6935503,13.0303273,Megacity Layout,neighbourhood,62,layered,calm,
77.5548354,13.0650738,Ramanna Gardens,neighbourhood,87,blast,calm,
77.7898968,12.8593687,Akshaya Greens,neighbourhood,61,layered,calm,
77.6016337,12.9141537,SFHS Layout,neighbourhood,84,blast,calm,
77.6435459,12.9800087,Subedar Garden,neighbourhood,76,layered,calm,